{"cameraMode":{"drawMode":0,"name":"Shaded","section":"Shading Mode"},"sceneLighting":true,"audioPlay":false,"sceneViewState":{"m_AlwaysRefresh":false,"showFog":true,"showSkybox":true,"showFlares":true,"showImageEffects":true,"showParticleSystems":true,"showVisualEffectGraphs":true,"m_FxEnabled":true},"in2DMode":false,"pivot":{"x":21.185808181762697,"y":49.85438919067383,"z":138.75160217285157},"rotation":{"x":-0.20440898835659028,"y":0.7252228856086731,"z":-0.24260370433330537,"w":-0.6110983490943909},"size":99.88465118408203,"orthographic":true}