{"cameraMode":{"drawMode":0,"name":"Shaded","section":"Shading Mode"},"sceneLighting":true,"audioPlay":false,"sceneViewState":{"m_AlwaysRefresh":false,"showFog":true,"showSkybox":true,"showFlares":true,"showImageEffects":true,"showParticleSystems":true,"showVisualEffectGraphs":true,"m_FxEnabled":true},"in2DMode":false,"pivot":{"x":9.906036376953125,"y":67.58860778808594,"z":547.6792602539063},"rotation":{"x":-0.24216406047344209,"y":0.49917468428611758,"z":-0.14915680885314942,"w":-0.8188292980194092},"size":127.77297973632813,"orthographic":true}