{"cameraMode":{"drawMode":0,"name":"Shaded","section":"Shading Mode"},"sceneLighting":true,"audioPlay":false,"sceneViewState":{"m_AlwaysRefresh":false,"showFog":true,"showSkybox":true,"showFlares":true,"showImageEffects":true,"showParticleSystems":true,"showVisualEffectGraphs":true,"m_FxEnabled":true},"in2DMode":false,"pivot":{"x":1176.7562255859375,"y":307.85418701171877,"z":246.04071044921876},"rotation":{"x":-0.26959413290023806,"y":0.2561003863811493,"z":-0.07598337531089783,"w":-0.925481915473938},"size":121.3816146850586,"orthographic":true}