{"cameraMode":{"drawMode":0,"name":"Shaded","section":"Shading Mode"},"sceneLighting":true,"audioPlay":false,"sceneViewState":{"m_AlwaysRefresh":false,"showFog":true,"showSkybox":true,"showFlares":true,"showImageEffects":true,"showParticleSystems":true,"showVisualEffectGraphs":true,"m_FxEnabled":true},"in2DMode":false,"pivot":{"x":988.5004272460938,"y":2.5102338790893556,"z":858.7300415039063},"rotation":{"x":-0.4767599403858185,"y":-0.0016533088637515903,"z":-0.0006178967887535691,"w":-0.8793524503707886},"size":22.89223289489746,"orthographic":true}