{"cameraMode":{"drawMode":0,"name":"Shaded","section":"Shading Mode"},"sceneLighting":true,"audioPlay":false,"sceneViewState":{"m_AlwaysRefresh":false,"showFog":true,"showSkybox":true,"showFlares":true,"showImageEffects":true,"showParticleSystems":true,"showVisualEffectGraphs":true,"m_FxEnabled":true},"in2DMode":false,"pivot":{"x":0.7642569541931152,"y":2.257683753967285,"z":23.541500091552736},"rotation":{"x":0.13711543381214143,"y":-0.2992822825908661,"z":0.04340634495019913,"w":0.9433451294898987},"size":40.670005798339847,"orthographic":true}