{"cameraMode":{"drawMode":0,"name":"Shaded","section":"Shading Mode"},"sceneLighting":false,"audioPlay":false,"sceneViewState":{"m_AlwaysRefresh":false,"showFog":true,"showSkybox":false,"showFlares":true,"showImageEffects":true,"showParticleSystems":true,"showVisualEffectGraphs":true,"m_FxEnabled":true},"in2DMode":false,"pivot":{"x":-10.560208320617676,"y":12.041709899902344,"z":15.707828521728516},"rotation":{"x":-0.15826323628425599,"y":0.06681206077337265,"z":-0.011386614292860031,"w":-0.9852792024612427},"size":82.39836120605469,"orthographic":true}